Harga_Numeric,Diskon_Numeric,Terjual_Numeric,Cluster
95000.0,0.0,20.0,0
79200.0,20.0,20.0,1
95000.0,0.0,20.0,0
82000.0,0.0,40.0,0
74250.0,25.0,1.0,1
89000.0,0.0,80.0,0
95000.0,0.0,20.0,0
89100.0,10.0,4.0,0
59250.0,25.0,100.0,1
89100.0,10.0,2.0,0
59250.0,25.0,10.0,1
89000.0,0.0,3.0,0
109000.0,0.0,10.0,0
44800.0,20.0,50.0,1
71500.0,35.0,30.0,1
126000.0,10.0,1.0,0
80000.0,0.0,2.0,0
93600.0,35.0,4.0,1
109000.0,0.0,20.0,0
108000.0,0.0,3.0,0
89250.0,25.0,2.0,1
159000.0,0.0,5.0,0
81750.0,25.0,1.0,1
102600.0,10.0,5.0,0
145000.0,0.0,10.0,0
75000.0,0.0,5.0,0
75000.0,0.0,4.0,0
40000.0,20.0,10.0,1
89100.0,10.0,10.0,0
127200.0,20.0,400.0,2
109000.0,0.0,1.0,0
109000.0,0.0,10.0,0
89000.0,0.0,1.0,0
78000.0,0.0,4.0,0
75000.0,0.0,3.0,0
75000.0,0.0,2.0,0
78000.0,0.0,1.0,0
60750.0,10.0,3.0,1
96750.0,25.0,7.0,1
149000.0,0.0,3.0,0
89000.0,0.0,20.0,0
81750.0,25.0,60.0,1
79000.0,0.0,1.0,0
67500.0,25.0,10.0,1
119000.0,0.0,3.0,0
100000.0,0.0,30.0,0
63000.0,10.0,3.0,1
63000.0,10.0,1.0,1
63000.0,10.0,3.0,1
126000.0,10.0,1.0,0
78400.0,20.0,1.0,1
