Judul,Terjual,Harga,Harga_Asli,Diskon,URL_Produk
Laiqa: Nomik Hijab for Sisters 3: Setop Ngomongin Rain!,20+ terjual,Rp95.000,N/A,0%,https://www.gramedia.com/products/laiqa-nomik-hijab-for-sisters-3-setop-ngomongin-rain
30 Juz,20+ terjual,Rp79.200,Rp99.000,20%,https://www.gramedia.com/products/30-juz
The Glory Story of Two Umars,20+ terjual,Rp95.000,N/A,0%,https://www.gramedia.com/products/the-glory-story-of-two-umars
Percayalah Ada Harapan untuk Kita,N/A,Rp63.750,Rp85.000,25%,https://www.gramedia.com/products/percayalah-ada-harapan-untuk-kita
"Laiqa: Hijab for Sisters: Dia Ibu yang Harus Dihormati, Fayla!",40+ terjual,Rp82.000,N/A,0%,https://www.gramedia.com/products/laiqa-hijab-for-sisters-dia-ibu-yang-harus-dihormati-fayl
Wahai Azarine,1 terjual,Rp74.250,Rp99.000,25%,https://www.gramedia.com/products/wahai-azarine
Orang Tak Dikenal Di Sekoci (The Stranger In The Lifeboat),80+ terjual,Rp89.000,N/A,0%,https://www.gramedia.com/products/orang-tak-dikenal-di-sekoci-the-stranger-in-the-lifeboat
Laiqa: Kresek Hitam,20+ terjual,Rp95.000,N/A,0%,https://www.gramedia.com/products/laiqa-kresek-hitam
Imama Al-Hafidzh,4 terjual,Rp89.100,Rp99.000,10%,https://www.gramedia.com/products/imama-al-hafidz
Ziarah (Pilgrimage),100+ terjual,Rp59.250,Rp79.000,25%,https://www.gramedia.com/products/ziarah-pilgrimage
Once Upon an Eid,2 terjual,Rp89.100,Rp99.000,10%,https://www.gramedia.com/products/once-upon-an-eid
Larutan Senja (Sampul 2026),10+ terjual,Rp59.250,Rp79.000,25%,https://www.gramedia.com/products/larutan-senja-sampul-2026
Demi Luka pada Perempuan dan Ibuku,3 terjual,Rp89.000,N/A,0%,https://www.gramedia.com/products/demi-luka-pada-perempuan-dan-ibuku
Kekasih Peliharaan,10+ terjual,Rp109.000,N/A,0%,https://www.gramedia.com/products/kekasih-peliharaan
Frieren: After “The End” Anthology ~ The Magic Across Different Paths~,50+ terjual,Rp44.800,Rp56.000,20%,https://www.gramedia.com/products/frieren-after-the-end-anthology--the-magic-across-different-paths
Kronik Pangeran Benawa Menurut Jessica dan Cerita-Cerita Lainnya,N/A,Rp75.650,Rp89.000,15%,https://www.gramedia.com/products/kronik-pangeran-benawa-menurut-jessica-dan-ceritacerita-lainnya
What My Mother and I Don`t Talk About: Esai-Esai yang Memecah Hening di Balik Hubungan Kita dan Ibu,30+ terjual,Rp71.500,Rp110.000,35%,https://www.gramedia.com/products/what-my-mother-and-i-dont-talk-about-esaiesai-yang-memecah-hening-di-balik-hubungan-kita-dan-ibu
Mamak Pulang,1 terjual,Rp126.000,Rp140.000,10%,https://www.gramedia.com/products/mamak-pulang
Kumpulan Cerita Bersahabat dengan Alien,2 terjual,Rp80.000,N/A,0%,https://www.gramedia.com/products/kumpulan-cerita-bersahabat-dengan-alien-1
Antologi Naskah Monolog: Di Tepi Sejarah,4 terjual,Rp93.600,Rp144.000,35%,https://www.gramedia.com/products/antologi-naskah-monolog-di-tepi-sejarah
WU,N/A,Rp179.000,N/A,0%,https://www.gramedia.com/products/wu
Hidup Tanpa Batas (The Life Impossible),N/A,Rp129.000,N/A,0%,https://www.gramedia.com/products/hidup-tanpa-batas-the-life-impossible
Dream Notes: Kilau & Gadang di Dunia Imaji,20+ terjual,Rp109.000,N/A,0%,https://www.gramedia.com/products/dream-notes-kilau-gadang-di-dunia-imaji
Aksaya Patra: The Awakening,3 terjual,Rp108.000,N/A,0%,https://www.gramedia.com/products/aksaya-patra-the-awakening
Dorm Du Part 3,2 terjual,Rp89.250,Rp119.000,25%,https://www.gramedia.com/products/dorm-du-part-3
The Ocean Would Paint Me Blue,5 terjual,Rp159.000,N/A,0%,https://www.gramedia.com/products/the-ocean-would-paint-me-blue-2
Arthemyth,1 terjual,Rp81.750,Rp109.000,25%,https://www.gramedia.com/products/arthemyth
Archipelagos: Wizarding School in Nusantara (Extended Edition),5 terjual,Rp102.600,Rp114.000,10%,https://www.gramedia.com/products/archipelagos-wizarding-school-in-nusantara-extended-edition
Semua Ikan di Langit,10+ terjual,Rp145.000,N/A,0%,https://www.gramedia.com/products/semua-ikan-di-langit-3
"Archibald: The Star, The Fire & The Shadow",N/A,Rp121.500,Rp135.000,10%,https://www.gramedia.com/products/archibald-the-star-the-fire-the-shadow
"Penasaran - Cinta, Dendam, dan Obsesi di Zaman AI",N/A,Rp119.000,N/A,0%,https://www.gramedia.com/products/penasaran-cinta-dendam-dan-obsesi-di-zaman-ai
Light Novel: Doraemon Nobita`s Sky Utopia,N/A,Rp95.000,N/A,0%,https://www.gramedia.com/products/light-novel-doraemon-nobitas-sky-utopia
Supernova 6: Inteligensi Embun Pagi Republish 2026,N/A,Rp215.100,Rp239.000,10%,https://www.gramedia.com/products/supernova-6-inteligensi-embun-pagi-republish-2026
Jatuh ke Matahari,5 terjual,Rp75.000,N/A,0%,https://www.gramedia.com/products/jatuh-ke-matahari
Bintang Hitam,4 terjual,Rp75.000,N/A,0%,https://www.gramedia.com/products/bintang-hitam-1
Cerita Spesial Doraemon - Edisi Sepenuh Hati Terharu,10+ terjual,Rp40.000,Rp50.000,20%,https://www.gramedia.com/products/cerita-spesial-doraemon--edisi-sepenuh-hati-terharu
Ekspedisi Paus Yunus,10+ terjual,Rp89.100,Rp99.000,10%,https://www.gramedia.com/products/ekspedisi-paus-yunus
Proyek Hail Mary (Project Hail Mary),400+ terjual,Rp127.200,Rp159.000,20%,https://www.gramedia.com/products/proyek-hail-mary-project-hail-mary
The Humans,1 terjual,Rp109.000,N/A,0%,https://www.gramedia.com/products/the-humans-1
Rekayasa Buah (2026),10+ terjual,Rp109.000,N/A,0%,https://www.gramedia.com/products/rekayasa-buah-2026
Sembilan Budak Setan,N/A,Rp89.000,N/A,0%,https://www.gramedia.com/products/sembilan-budak-setan
Ghost Dormitory (Republish 2026),N/A,Rp80.100,Rp89.000,10%,https://www.gramedia.com/products/ghost-dormitory-republish-2026
Hilang: Siaran Terakhir Januari (Darklit),N/A,Rp89.000,N/A,0%,https://www.gramedia.com/products/hilang-siaran-terakhir-januari-darklit
Salon Tua: Hati-Hati dengan Rambutmu! (Darklit),1 terjual,Rp89.000,N/A,0%,https://www.gramedia.com/products/salon-tua-hatihati-dengan-rambutmu-darklit
International Classics: Women and the Ghost They Made (A Feminine Horror Anthology),4 terjual,Rp78.000,N/A,0%,https://www.gramedia.com/products/international-classics-women-and-the-ghost-they-made-a-feminine-horror-anthology
Karma yang Tak Pernah Lupa: Kisah-Kisah Horor dari Thailand,3 terjual,Rp75.000,N/A,0%,https://www.gramedia.com/products/karma-yang-tak-pernah-lupa-kisahkisah-horor-dari-thailand
Rumah Sakit yang Tak Pernah Sunyi: Kisah-Kisah Horor dari Thailand,2 terjual,Rp75.000,N/A,0%,https://www.gramedia.com/products/rumah-sakit-yang-tak-pernah-sunyi-kisahkisah-horor-dari-thailand
Carmilla,1 terjual,Rp78.000,N/A,0%,https://www.gramedia.com/products/carmilla
Rawangsemi,N/A,Rp66.750,Rp89.000,25%,https://www.gramedia.com/products/rawangsemi
Horor Rumah Tua,3 terjual,Rp60.750,Rp67.500,10%,https://www.gramedia.com/products/horor-rumah-tua
World Collections: A Strange Case of Erasure,N/A,Rp98.000,N/A,0%,https://www.gramedia.com/products/world-collections-a-strange-case-of-erasure
World Collections: Mind the Gap,N/A,Rp128.000,N/A,0%,https://www.gramedia.com/products/world-collections-mind-the-gap
Cross The Line,7 terjual,Rp96.750,Rp129.000,25%,https://www.gramedia.com/products/cross-the-line
In The Kiln of Us,N/A,Rp96.750,Rp129.000,25%,https://www.gramedia.com/products/in-the-kiln-of-us
Di Balik Panggung (Backstage),3 terjual,Rp149.000,N/A,0%,https://www.gramedia.com/products/di-balik-panggung-backstage
Metamorfosis Cacing,20+ terjual,Rp89.000,N/A,0%,https://www.gramedia.com/products/metamorfosis-cacing
MetroPop: The Case We Met,60+ terjual,Rp81.750,Rp109.000,25%,https://www.gramedia.com/products/metropop-the-case-we-met-1
TeenLit: Sena dan Para Papa,1 terjual,Rp79.000,N/A,0%,https://www.gramedia.com/products/teenlit-sena-dan-para-papa-1
Jaring-Jaring Gelap,10+ terjual,Rp67.500,Rp90.000,25%,https://www.gramedia.com/products/jaringjaring-gelap
Cerita Eyang-Eyang dan Mami-Mami Metropolitan,3 terjual,Rp119.000,N/A,0%,https://www.gramedia.com/products/cerita-eyangeyang-dan-mamimami-metropolitan
Seri Mitologi Yunani: Odysseus,30+ terjual,Rp100.000,N/A,0%,https://www.gramedia.com/products/seri-mitologi-yunani-odysseus
The Castle of Otrano (Norris Gothic Classics),3 terjual,Rp63.000,Rp70.000,10%,https://www.gramedia.com/products/the-castle-of-otrano-norris-gothic-classics
Vathek (Norris Gothic Classsics),N/A,Rp63.000,Rp70.000,10%,https://www.gramedia.com/products/vathek-norris-gothic-classsics
The Masque of the Red Death (Norris Gothic Classics),1 terjual,Rp63.000,Rp70.000,10%,https://www.gramedia.com/products/the-masque-of-the-red-death-norris-gothic-classics
Carmilla (Norris Gothic Classics),3 terjual,Rp63.000,Rp70.000,10%,https://www.gramedia.com/products/carmilla-norris-gothic-classics
The Fall of the House of Usher (Norris Gothic Classics),N/A,Rp63.000,Rp70.000,10%,https://www.gramedia.com/products/the-fall-of-the-house-of-usher-norris-gothic-classics
The Prophet (Norris Classics),N/A,Rp108.000,Rp120.000,10%,https://www.gramedia.com/products/the-prophet-norris-classics
Alice's Adventures in Wonderland (Norris Classics),N/A,Rp108.000,Rp120.000,10%,https://www.gramedia.com/products/alices-adventures-in-wonderland-norris-classics
Meditations (Norris Classics),1 terjual,Rp126.000,Rp140.000,10%,https://www.gramedia.com/products/meditations-norris-classics
International Classics: The Awakening,1 terjual,Rp78.400,Rp98.000,20%,https://www.gramedia.com/products/international-classics-the-awakening
